photo_id,business_id,caption,label,fichiers,img_path,labels
1vPzp02KpWBJ1y1bH4lGdg,aNFEAh4xClhLYK8K4ZDpCA,,food,1vPzp02KpWBJ1y1bH4lGdg.jpg,1vPzp02KpWBJ1y1bH4lGdg.jpg,0
2TkIeB1p5uw5gAV2eHa_Jg,TPcDS5qMbroEdTX_glnT4g,,food,2TkIeB1p5uw5gAV2eHa_Jg.jpg,2TkIeB1p5uw5gAV2eHa_Jg.jpg,0
3OT7J8-EUcEuM1ARP89GTw,NoA6bD6W7z_Aztk_cOU5cg,,food,3OT7J8-EUcEuM1ARP89GTw.jpg,3OT7J8-EUcEuM1ARP89GTw.jpg,0
5bqkCfI2Vkfvd8079k4j1A,BqsIt1BQKzS-hEKLYzBm7g,,food,5bqkCfI2Vkfvd8079k4j1A.jpg,5bqkCfI2Vkfvd8079k4j1A.jpg,0
5iu6tllL2V19d1N5ws1txw,74VfflsYh5cdu0hwgoERRg,,food,5iu6tllL2V19d1N5ws1txw.jpg,5iu6tllL2V19d1N5ws1txw.jpg,0
626QC4dnQxPkqGug_dNGvQ,CxE5OE_t29h_wqqK1BsoFA,,food,626QC4dnQxPkqGug_dNGvQ.jpg,626QC4dnQxPkqGug_dNGvQ.jpg,0
6AsR8CdEr0xr97ZPC6R8zw,n4E8ltk6CidI4_9s5STVtA,Half of an oink squeal & moo burger,food,6AsR8CdEr0xr97ZPC6R8zw.jpg,6AsR8CdEr0xr97ZPC6R8zw.jpg,0
6kzeYRvgzE3DK8_Q5MZjOw,eSENXDnnNSo-MLLkWJQ8Vg,Pastor,food,6kzeYRvgzE3DK8_Q5MZjOw.jpg,6kzeYRvgzE3DK8_Q5MZjOw.jpg,0
6Ortz6oR5Udnq29sCxPLsQ,7ZAQHYwS4SlY2nDkQF54tQ,,food,6Ortz6oR5Udnq29sCxPLsQ.jpg,6Ortz6oR5Udnq29sCxPLsQ.jpg,0
9h7d1kYitqcAyZg_jEMekg,PUlqWr19YeeAz3IOBd3DYQ,Dawg Pound!,food,9h7d1kYitqcAyZg_jEMekg.jpg,9h7d1kYitqcAyZg_jEMekg.jpg,0
Ay6xQMH61yvtfCCtENc5TQ,mIZRTk10-YmWRVaxhC1hjg,Lumpia,food,Ay6xQMH61yvtfCCtENc5TQ.jpg,Ay6xQMH61yvtfCCtENc5TQ.jpg,0
BcazJQIW9arW_ZAXY9FRyw,wWuGa3OOQJro_XGe-GKBXA,Tuna (toro) over rice,food,BcazJQIW9arW_ZAXY9FRyw.jpg,BcazJQIW9arW_ZAXY9FRyw.jpg,0
BPmrsdpd8y8GfwbktAByEA,dJ3XJFpk7TtnC0UduNOYuw,Boston Market Green Beans and Mashed Potatoes,food,BPmrsdpd8y8GfwbktAByEA.jpg,BPmrsdpd8y8GfwbktAByEA.jpg,0
bYhJjR2WimAkGic2i87-gg,7UFDAX4wLi6ux5otguYldA,Grand Opening 3/7/15,food,bYhJjR2WimAkGic2i87-gg.jpg,bYhJjR2WimAkGic2i87-gg.jpg,0
cUYAxqJI8jDkWXAmB_bjGQ,1xB0Qf2-TN6CQ5c4Fh7vqg,Hojija matcha,food,cUYAxqJI8jDkWXAmB_bjGQ.jpg,cUYAxqJI8jDkWXAmB_bjGQ.jpg,0
DHIDIMbEy8Y82vveVyMbZw,7DcmitV_vJlP_v_bUKINaA,,food,DHIDIMbEy8Y82vveVyMbZw.jpg,DHIDIMbEy8Y82vveVyMbZw.jpg,0
E7EVc2joN8EQNA-bRmAK0A,y8rIT1NQIaHTlYpvx3d-yA,,food,E7EVc2joN8EQNA-bRmAK0A.jpg,E7EVc2joN8EQNA-bRmAK0A.jpg,0
eGwc05QOX5loLX7PMD9aIw,6H78unzSy1z4AafKHIsmTQ,,food,eGwc05QOX5loLX7PMD9aIw.jpg,eGwc05QOX5loLX7PMD9aIw.jpg,0
EySG181SldPbHJgNxsAcQQ,_kp4GpBKV1uEmCCIFylOQg,,food,EySG181SldPbHJgNxsAcQQ.jpg,EySG181SldPbHJgNxsAcQQ.jpg,0
F2jbongXfYkxPgJffoBhSw,Sn6sKGagoqfP6Ecaj2IUlg,,food,F2jbongXfYkxPgJffoBhSw.jpg,F2jbongXfYkxPgJffoBhSw.jpg,0
gJ1UP6NlIygGAHDWhqmv7Q,FMaokAzcwspICbGDiYGVNA,Thai spice noodle. nice portion,food,gJ1UP6NlIygGAHDWhqmv7Q.jpg,gJ1UP6NlIygGAHDWhqmv7Q.jpg,0
gSRb39DPW7eV-_Un41KiMA,M3wSBWUoIARukqmhud1EgA,,food,gSRb39DPW7eV-_Un41KiMA.jpg,gSRb39DPW7eV-_Un41KiMA.jpg,0
GtT4CMFNRQbWw4ipSBcF1A,IMLrj2klosTFvPRLv56cng,Mac n cheese,food,GtT4CMFNRQbWw4ipSBcF1A.jpg,GtT4CMFNRQbWw4ipSBcF1A.jpg,0
i3wXjfZVOurUwoCuZWSMUQ,G6BwYw_0_atLPTzI1uokIA,Thai Chicken Nachos,food,i3wXjfZVOurUwoCuZWSMUQ.jpg,i3wXjfZVOurUwoCuZWSMUQ.jpg,0
j1uL_TskVnHi0HHxKLBGcw,FLMxWQO-ckCQmGZhU9OQgw,,food,j1uL_TskVnHi0HHxKLBGcw.jpg,j1uL_TskVnHi0HHxKLBGcw.jpg,0
l19Ws-tTUMvjL6fVy3zXzg,t2O4Qx74U_IfBzDHJzvUCA,Charcuterie Board,food,l19Ws-tTUMvjL6fVy3zXzg.jpg,l19Ws-tTUMvjL6fVy3zXzg.jpg,0
laFDYlYoHwKy6bCPkRrP_A,EvE23d1PSbfGWe7EA5HRBQ,Spicy wontons,food,laFDYlYoHwKy6bCPkRrP_A.jpg,laFDYlYoHwKy6bCPkRrP_A.jpg,0
lBgGt-XxX1dc4RFerISnLA,Ro-_PAzq-Rdxl5JhM3WmoA,,food,lBgGt-XxX1dc4RFerISnLA.jpg,lBgGt-XxX1dc4RFerISnLA.jpg,0
LObD2yOWKJ0UyDkwpmMO9w,w1dxpzzh5I3oo2vaICgdig,(Outside) Carne Asada Tacos (middle) Pork Taco,food,LObD2yOWKJ0UyDkwpmMO9w.jpg,LObD2yOWKJ0UyDkwpmMO9w.jpg,0
LOKa5djVU0s5-0Ug1WQ_bA,G-5kEa6E6PD5fkBRuA7k9Q,"Pizza Carbonara with crispy pancetta, fontina, gruyere and sunny side up eggs",food,LOKa5djVU0s5-0Ug1WQ_bA.jpg,LOKa5djVU0s5-0Ug1WQ_bA.jpg,0
MmCvcjU40O1kqwjMoU_qng,a1KXovXPdeDurOrER4ST6A,Salmon skin roll.,food,MmCvcjU40O1kqwjMoU_qng.jpg,MmCvcjU40O1kqwjMoU_qng.jpg,0
_NtjoO_L6PiCsUV2DT0ERA,KIs5vcQLVExjxtEOBNkXdA,,food,_NtjoO_L6PiCsUV2DT0ERA.jpg,_NtjoO_L6PiCsUV2DT0ERA.jpg,0
NUl5zquoLpXYo9OAURkmXg,RKVYQ00LvK0_FO6Ll7lvOg,Lobster Roll,food,NUl5zquoLpXYo9OAURkmXg.jpg,NUl5zquoLpXYo9OAURkmXg.jpg,0
nziwyzfXzurK_gDWvjl3yw,0-cZ9XfpC3vsLotOJ6Nxfg,Mushroom Pizza  Order at 702-946-6262,food,nziwyzfXzurK_gDWvjl3yw.jpg,nziwyzfXzurK_gDWvjl3yw.jpg,0
o1rKeHo5e8AjNSYdJ1m0qw,BWgXFbRqrPKci7C1__6BXg,Teriyaki Beef,food,o1rKeHo5e8AjNSYdJ1m0qw.jpg,o1rKeHo5e8AjNSYdJ1m0qw.jpg,0
oBH_MsFGDxYLYDYQNPX-oA,mxQaRW6HZxXcvHSo31H-Yw,Fish taco,food,oBH_MsFGDxYLYDYQNPX-oA.jpg,oBH_MsFGDxYLYDYQNPX-oA.jpg,0
pkrrsgli902n1DdenicHSg,LR0qF0FEVsCOhYWUOiH26A,dry and salty...,food,pkrrsgli902n1DdenicHSg.jpg,pkrrsgli902n1DdenicHSg.jpg,0
PKw4AyxYAR44-GbXXREmcg,4MMPpETGn-3LG5xMpcPO7w,Fabulous Fresh Shrimp Rolls,food,PKw4AyxYAR44-GbXXREmcg.jpg,PKw4AyxYAR44-GbXXREmcg.jpg,0
q40gWGbsic3R-DYUeK2sSw,7hWNnAj4VwK6FAUBN8E8lg,,food,q40gWGbsic3R-DYUeK2sSw.jpg,q40gWGbsic3R-DYUeK2sSw.jpg,0
RE2VYz5-Uqa6lCA_I3YU6A,-sEbDB_5jI_yIlklu1o1VQ,Baklava,food,RE2VYz5-Uqa6lCA_I3YU6A.jpg,RE2VYz5-Uqa6lCA_I3YU6A.jpg,0
R-G6XO_w-QlDkSagvrPy_g,e-cxqDjKEHEcISP2iGcZxg,Lamb minis,food,R-G6XO_w-QlDkSagvrPy_g.jpg,R-G6XO_w-QlDkSagvrPy_g.jpg,0
RIEHXng9d5t-Gcsm6_DEIg,q2J02EuoM_UXdHe5k9_J0g,2 Beef and 1 Spicy Pork Meatballz with Pasta,food,RIEHXng9d5t-Gcsm6_DEIg.jpg,RIEHXng9d5t-Gcsm6_DEIg.jpg,0
rq88zMiJaXZbIw23u_2wAg,ZJEnjjd6gl9ZMyShAZ2PNA,Pure vegan water,food,rq88zMiJaXZbIw23u_2wAg.jpg,rq88zMiJaXZbIw23u_2wAg.jpg,0
SmVqbkJK7eFYC90s3eXjkA,SSCH4Z2gw-hh2KZy7aH4qw,,food,SmVqbkJK7eFYC90s3eXjkA.jpg,SmVqbkJK7eFYC90s3eXjkA.jpg,0
w7baayB3-kPzLforFDo1xw,wK8XNb8swzQJrru35cVJow,,food,w7baayB3-kPzLforFDo1xw.jpg,w7baayB3-kPzLforFDo1xw.jpg,0
waFTyY2N0I8bqAz7edqSjQ,ujHiaprwCQ5ewziu0Vi9rw,,food,waFTyY2N0I8bqAz7edqSjQ.jpg,waFTyY2N0I8bqAz7edqSjQ.jpg,0
xybV9B1yvJU31s1Rzy8jyg,LRwkfgrkxxzLG24grsHkWw,Breakfast Sandwich and Homefroes,food,xybV9B1yvJU31s1Rzy8jyg.jpg,xybV9B1yvJU31s1Rzy8jyg.jpg,0
yeqnAxIkWkBhxl2RYpavwQ,_0ZIFTvfcA3UETO_S_JTNA,,food,yeqnAxIkWkBhxl2RYpavwQ.jpg,yeqnAxIkWkBhxl2RYpavwQ.jpg,0
yUUZRjfK_978O3NjtCr-HA,D4ETxxeNQEnSw_e1H46DXQ,Fried Chicken,food,yUUZRjfK_978O3NjtCr-HA.jpg,yUUZRjfK_978O3NjtCr-HA.jpg,0
ywTqH6kkRcm8OTP2DtQNLw,9li2xKBUybR_7JGiCwo6Gg,Shrimp a la carte,food,ywTqH6kkRcm8OTP2DtQNLw.jpg,ywTqH6kkRcm8OTP2DtQNLw.jpg,0
2TyT8GSFbsM2mQgtMJuvrg,UtpjmeDBYka-URKBHy4a_w,,inside,2TyT8GSFbsM2mQgtMJuvrg.jpg,2TyT8GSFbsM2mQgtMJuvrg.jpg,3
54r7PcDesAY1ZGChoL0v8Q,d10IxZPirVJlOSpdRZJczA,,inside,54r7PcDesAY1ZGChoL0v8Q.jpg,54r7PcDesAY1ZGChoL0v8Q.jpg,3
6kyfkJLicPMiu1zqT-SWjg,ZJCwhT1pMC4Jz0rvJqqyiQ,,inside,6kyfkJLicPMiu1zqT-SWjg.jpg,6kyfkJLicPMiu1zqT-SWjg.jpg,3
7vSWvH103vfYjZY5bOb0nA,yZAGhlsrmupLbrgdKm6reg,MLB Spring Training - 4 deep @ the bar!,inside,7vSWvH103vfYjZY5bOb0nA.jpg,7vSWvH103vfYjZY5bOb0nA.jpg,3
8c5McLM-En0YtSRMWiSMRQ,h8zFBTYBKSwDFcHuFgwpmQ,,inside,8c5McLM-En0YtSRMWiSMRQ.jpg,8c5McLM-En0YtSRMWiSMRQ.jpg,3
9bdt3WbnU3qPbnFc404i7Q,v6LhGCvLdmgETek9FgrXxw,Drag Brunch buffet every Sat and Sun seating at 11am show at Noon,inside,9bdt3WbnU3qPbnFc404i7Q.jpg,9bdt3WbnU3qPbnFc404i7Q.jpg,3
9Ojsv0hz4XsjiWveK9aolQ,htVvtLIFftBLqzRISjReDw,The place is enormous.,inside,9Ojsv0hz4XsjiWveK9aolQ.jpg,9Ojsv0hz4XsjiWveK9aolQ.jpg,3
9wKv3RiT63bf4OfsbmUPZw,G6zYdHNPqSbw_Nom8ZxtVA,Imported cheeses,inside,9wKv3RiT63bf4OfsbmUPZw.jpg,9wKv3RiT63bf4OfsbmUPZw.jpg,3
AFonv7dQZbcC-pkyIcOMCg,ut2eJDcvnkh_lSGUj50UPQ,Order before sitting,inside,AFonv7dQZbcC-pkyIcOMCg.jpg,AFonv7dQZbcC-pkyIcOMCg.jpg,3
aGc9LGHFjzhqxNDgAMqQTQ,ATGZLAWudXt5hQXQ1AVGDQ,Beautiful on the inside,inside,aGc9LGHFjzhqxNDgAMqQTQ.jpg,aGc9LGHFjzhqxNDgAMqQTQ.jpg,3
BAeuJsDUAguK9EZE3OgxLQ,3TW5eYp7BjNEpdVbroK4Uw,We Heard You Like to Watch!  www.balletossington.com,inside,BAeuJsDUAguK9EZE3OgxLQ.jpg,BAeuJsDUAguK9EZE3OgxLQ.jpg,3
Bs7ug-WwVe62-gbPcc2_GA,aEnoF_79jQE83s-I756n8w,The slayer,inside,Bs7ug-WwVe62-gbPcc2_GA.jpg,Bs7ug-WwVe62-gbPcc2_GA.jpg,3
bU4DGlfjq0hObSB1q0Voeg,ruWTngdiC68O9la27hvvHw,06/23/18 Foundation Room,inside,bU4DGlfjq0hObSB1q0Voeg.jpg,bU4DGlfjq0hObSB1q0Voeg.jpg,3
cgNmzX-doB9plRiz81lX6A,LUnZLAYGsX8h_TJovpeTPg,"Catch a ball game,too!",inside,cgNmzX-doB9plRiz81lX6A.jpg,cgNmzX-doB9plRiz81lX6A.jpg,3
dizUXh10n296S9PHQh9kug,FRmsd98aqsjuXzDnzg3DPw,,inside,dizUXh10n296S9PHQh9kug.jpg,dizUXh10n296S9PHQh9kug.jpg,3
DXvpI83HYZyhEQcWUm2kCQ,jRznAPwinURtssCvB8E-qA,,inside,DXvpI83HYZyhEQcWUm2kCQ.jpg,DXvpI83HYZyhEQcWUm2kCQ.jpg,3
eNHjvte_pbC4PL4eXAqOiQ,GKg6voQyyCaW1dntu4CnZw,,inside,eNHjvte_pbC4PL4eXAqOiQ.jpg,eNHjvte_pbC4PL4eXAqOiQ.jpg,3
Fc4mxe-mtahBlWZsWcy0Vw,hRL_qCrcu9UL773su0QabQ,,inside,Fc4mxe-mtahBlWZsWcy0Vw.jpg,Fc4mxe-mtahBlWZsWcy0Vw.jpg,3
fG0NnK0k4bmBXTVURc2MfA,DnalbBqgX7afqSYgO5R8iQ,,inside,fG0NnK0k4bmBXTVURc2MfA.jpg,fG0NnK0k4bmBXTVURc2MfA.jpg,3
FU7Vsd5kew2dy2SKu0oLpw,tj1IM_2-ks08bk0JZP95DQ,,inside,FU7Vsd5kew2dy2SKu0oLpw.jpg,FU7Vsd5kew2dy2SKu0oLpw.jpg,3
_G_PtNwR_ouPOq_AtpVmCQ,wWuGa3OOQJro_XGe-GKBXA,,inside,_G_PtNwR_ouPOq_AtpVmCQ.jpg,_G_PtNwR_ouPOq_AtpVmCQ.jpg,3
gw-Qev0bYXaDtKR-mAcd8g,r0LgymS8idM1K2exNl-CGg,,inside,gw-Qev0bYXaDtKR-mAcd8g.jpg,gw-Qev0bYXaDtKR-mAcd8g.jpg,3
GYVNu-bSyU3Gr2Pf7uAY1g,Wj1yPG74S_vkCMspcSmH9g,Huge draft selection!,inside,GYVNu-bSyU3Gr2Pf7uAY1g.jpg,GYVNu-bSyU3Gr2Pf7uAY1g.jpg,3
hG_4MmAlMC_H9sRdQa4V-A,aXiXvy5cBMeb6m2j7WFuzg,,inside,hG_4MmAlMC_H9sRdQa4V-A.jpg,hG_4MmAlMC_H9sRdQa4V-A.jpg,3
iMMG5uoOARXJiKCSufJuPg,ute4AgcZmdlAk5loxbZnlQ,,inside,iMMG5uoOARXJiKCSufJuPg.jpg,iMMG5uoOARXJiKCSufJuPg.jpg,3
j6CKQd6Iyx9SlRxx4XqiNA,HM0sWlwg3ONJ6syMSh_9zw,Warm & cozy for the new year.,inside,j6CKQd6Iyx9SlRxx4XqiNA.jpg,j6CKQd6Iyx9SlRxx4XqiNA.jpg,3
JMdy7sOhQc6i1sU2ycUBYg,hLrrgQwn-K-IPI8g2etAoQ,,inside,JMdy7sOhQc6i1sU2ycUBYg.jpg,JMdy7sOhQc6i1sU2ycUBYg.jpg,3
kMKo9RmQhNFTr15w9TUpNw,u2q_84hHvKGl5hKnAE7zNw,,inside,kMKo9RmQhNFTr15w9TUpNw.jpg,kMKo9RmQhNFTr15w9TUpNw.jpg,3
Me7Bf4yYJF8-7-xmNCMZqA,SEMvJDVnDB4NoPW6tXXO_Q,First time and we're very impressed with the food and their excellent service! Definitely a must try!,inside,Me7Bf4yYJF8-7-xmNCMZqA.jpg,Me7Bf4yYJF8-7-xmNCMZqA.jpg,3
m-ecSIgrHERmT7wGtKWHTA,3xmfT7l3xNH5LK1dLzfvGw,Old Vegas,inside,m-ecSIgrHERmT7wGtKWHTA.jpg,m-ecSIgrHERmT7wGtKWHTA.jpg,3
MF3IdSw-yZfZmDXCQYgvCA,dWk0mbhj79pK3WBp5oLtpw,Nice interior,inside,MF3IdSw-yZfZmDXCQYgvCA.jpg,MF3IdSw-yZfZmDXCQYgvCA.jpg,3
MlUWkXWSr4a8Ncy6EK5C8g,DF_w5Hwgi4bLgZH8_6F3cA,Vietnamese Coffee!!,inside,MlUWkXWSr4a8Ncy6EK5C8g.jpg,MlUWkXWSr4a8Ncy6EK5C8g.jpg,3
_nb5zN8z4jH1S92Jm7iDPA,XqNzDcbrTkgGM9orhomdgA,,inside,_nb5zN8z4jH1S92Jm7iDPA.jpg,_nb5zN8z4jH1S92Jm7iDPA.jpg,3
nspElau9DN9o_iaydfxv3A,PViWXTbiRkRjZhAdH0xLxg,,inside,nspElau9DN9o_iaydfxv3A.jpg,nspElau9DN9o_iaydfxv3A.jpg,3
nweIrDN3sm6YwzAjndZTLg,BslEhCyzaQPfpHtDogb4hQ,,inside,nweIrDN3sm6YwzAjndZTLg.jpg,nweIrDN3sm6YwzAjndZTLg.jpg,3
O-9Dykg4Do_puVq6h2zjaQ,cKXMA7AoyvrFKaZzNOp0nA,,inside,O-9Dykg4Do_puVq6h2zjaQ.jpg,O-9Dykg4Do_puVq6h2zjaQ.jpg,3
oae5ezlRVoz6ajS60WAP_w,wPbb5uHvFQlQeanz14xrEA,,inside,oae5ezlRVoz6ajS60WAP_w.jpg,oae5ezlRVoz6ajS60WAP_w.jpg,3
ODeF483hg39EwV_zq5HNiA,WtmNaLkPsJTuDoW-kieY9w,New Wave market,inside,ODeF483hg39EwV_zq5HNiA.jpg,ODeF483hg39EwV_zq5HNiA.jpg,3
oqrx86NnHcL6kyE1o1nFxA,JvHv4HDT7sU7rMYyDzJuMQ,Cute decor,inside,oqrx86NnHcL6kyE1o1nFxA.jpg,oqrx86NnHcL6kyE1o1nFxA.jpg,3
QN4m1jbpjHSZeagNGbzlZA,G-5kEa6E6PD5fkBRuA7k9Q,,inside,QN4m1jbpjHSZeagNGbzlZA.jpg,QN4m1jbpjHSZeagNGbzlZA.jpg,3
rZhQmvG4hqxuXPMtJ-mVsQ,560Jx1v7SxhlKkhYVCqS6w,Lunch counter,inside,rZhQmvG4hqxuXPMtJ-mVsQ.jpg,rZhQmvG4hqxuXPMtJ-mVsQ.jpg,3
s1COT6cwZGKuMOxgFpuMDA,q91nljuSDFl0IYReyF_A3w,"Big table at the front, very nice sitting beside the window!!",inside,s1COT6cwZGKuMOxgFpuMDA.jpg,s1COT6cwZGKuMOxgFpuMDA.jpg,3
TDMRBn3h4fz04Vlr2TPEmg,nJcyfIRGbI31EGLzillWYg,,inside,TDMRBn3h4fz04Vlr2TPEmg.jpg,TDMRBn3h4fz04Vlr2TPEmg.jpg,3
TVnnhFFlgRLKyBd2WBSw6g,sHIG0hjQHoxal9a1zwSinw,My girlfriend eating beef.,inside,TVnnhFFlgRLKyBd2WBSw6g.jpg,TVnnhFFlgRLKyBd2WBSw6g.jpg,3
u7oSb0ugIMPIlyt8khSooA,ooQZTGrJhI5H5dW7kGsipw,,inside,u7oSb0ugIMPIlyt8khSooA.jpg,u7oSb0ugIMPIlyt8khSooA.jpg,3
uyDYKTDv-_dHjsQn5ftgYg,blGpsdNSyzIjfzLYILuZmQ,,inside,uyDYKTDv-_dHjsQn5ftgYg.jpg,uyDYKTDv-_dHjsQn5ftgYg.jpg,3
Vi7zqqB8KHhGkDbA70sfSw,5ek7jh5HvAaR34I5EdyNCg,Beautiful ceilings,inside,Vi7zqqB8KHhGkDbA70sfSw.jpg,Vi7zqqB8KHhGkDbA70sfSw.jpg,3
X_2RcSqHm4L7E5hXNzifzg,GaA2yuytF13P41DpmbLwoQ,,inside,X_2RcSqHm4L7E5hXNzifzg.jpg,X_2RcSqHm4L7E5hXNzifzg.jpg,3
xJBvlir4SJAl4isrChE4MQ,TXV5mRFOGjwY7igrPjkKVA,Scotch 80 Prime boasts the largest consumable collection of Macallan Fine and Rare on the entire planet.,inside,xJBvlir4SJAl4isrChE4MQ.jpg,xJBvlir4SJAl4isrChE4MQ.jpg,3
zVSUZdWDqsnawxiXVLtNPw,S5c9C4BxutxPwpwYm5Aexw,Unique setup. Balcony off the taproom with shuffleboard and tables overlooking the tanks.,inside,zVSUZdWDqsnawxiXVLtNPw.jpg,zVSUZdWDqsnawxiXVLtNPw.jpg,3
0YogvPjxHvcBs9SBZKjLng,DCix7zgLjuwrdYccAkOnDQ,Menu,menu,0YogvPjxHvcBs9SBZKjLng.jpg,0YogvPjxHvcBs9SBZKjLng.jpg,4
2BNuOKgiHClyiNhfzw5Yyg,v5zzCmCf1L4Utjit12EMuQ,"Menu outside the door. For dinner rodizio NOT including drinks & dessert = $30. Worth every penny, bring your appetite.",menu,2BNuOKgiHClyiNhfzw5Yyg.jpg,2BNuOKgiHClyiNhfzw5Yyg.jpg,4
59uA0JlS18sJ_xSI1I9Fmg,LNsZJP6jZ11e0tDljOLPiQ,Everything but the refreshments,menu,59uA0JlS18sJ_xSI1I9Fmg.jpg,59uA0JlS18sJ_xSI1I9Fmg.jpg,4
5g8pq7DSl6ixjpRlaKX8FQ,oJZNHz5UUVUgrZwVBVlpYw,,menu,5g8pq7DSl6ixjpRlaKX8FQ.jpg,5g8pq7DSl6ixjpRlaKX8FQ.jpg,4
6aXuCC1bLLojR6CmZ_X1Dg,WCei-r9iAqxEIFX40zOebA,Menu 1,menu,6aXuCC1bLLojR6CmZ_X1Dg.jpg,6aXuCC1bLLojR6CmZ_X1Dg.jpg,4
7bZK1QNOgzuZS-HpQVTW4Q,KTsMFt_3z3NclQWS8sARmQ,new menu1,menu,7bZK1QNOgzuZS-HpQVTW4Q.jpg,7bZK1QNOgzuZS-HpQVTW4Q.jpg,4
9dBRiq0yXNWQGKrYo9B08A,J-SZZniOp7nNsCNbj5rIUQ,,menu,9dBRiq0yXNWQGKrYo9B08A.jpg,9dBRiq0yXNWQGKrYo9B08A.jpg,4
Ab1jaFPEtj2y_yaevyiBBA,tod27nNWXJdRwfBDv0Q_MA,,menu,Ab1jaFPEtj2y_yaevyiBBA.jpg,Ab1jaFPEtj2y_yaevyiBBA.jpg,4
BEek5H9LkrQDmBG-oeOapw,yiVv6EtyjrIJ34BgB_O4vA,Menu,menu,BEek5H9LkrQDmBG-oeOapw.jpg,BEek5H9LkrQDmBG-oeOapw.jpg,4
bSngDB1ZkjN0wICE-2Ediw,cePE3rCuUOVSCCAHSjWxoQ,Restaurant menu,menu,bSngDB1ZkjN0wICE-2Ediw.jpg,bSngDB1ZkjN0wICE-2Ediw.jpg,4
bU8PbXbKlOKKPNm8xenbkw,WLX-1Tb0BK9u3374SWxR0w,NEW TOGO MENUS,menu,bU8PbXbKlOKKPNm8xenbkw.jpg,bU8PbXbKlOKKPNm8xenbkw.jpg,4
dEf1FCZThAlAhABVOohJFg,dKdApYVFDSNYsNOso6NYlA,,menu,dEf1FCZThAlAhABVOohJFg.jpg,dEf1FCZThAlAhABVOohJFg.jpg,4
E7_OsRMaKOAonbsLdRTcdw,pqsNkM5pgbio1x-2HQoefw,Draft list - readable from everywhere.,menu,E7_OsRMaKOAonbsLdRTcdw.jpg,E7_OsRMaKOAonbsLdRTcdw.jpg,4
EhbwmeNFyxj8ukSPLKmFJA,dTsyfvRfN-zFdsgIDuQllQ,Cocktails,menu,EhbwmeNFyxj8ukSPLKmFJA.jpg,EhbwmeNFyxj8ukSPLKmFJA.jpg,4
eYnaYRQEWGII_PbVSWI4jw,ibkwcLZwaJ1pnPJVaI_-uA,,menu,eYnaYRQEWGII_PbVSWI4jw.jpg,eYnaYRQEWGII_PbVSWI4jw.jpg,4
flw3eXbRlCHIydu_0qONrA,xzepzXckoEc_QwYqlcfDqQ,"Our Classics line: Passion Fruit, Blackberry Jasmine, Fiesta Fria, and Watermelon with Marula.",menu,flw3eXbRlCHIydu_0qONrA.jpg,flw3eXbRlCHIydu_0qONrA.jpg,4
gG-8PGZ2AT0O6oQ3WKzgyA,eEXR-P0c1x_Op1gV2YVYuw,Dessert menu! Experience our sweet & savoury  that is beyond your ordinary restaurants offering.,menu,gG-8PGZ2AT0O6oQ3WKzgyA.jpg,gG-8PGZ2AT0O6oQ3WKzgyA.jpg,4
GmCYK1d8iMwvg-vA5cQiOA,OY0-hYJ2q6WiAqhYnCZZ0w,Beverages,menu,GmCYK1d8iMwvg-vA5cQiOA.jpg,GmCYK1d8iMwvg-vA5cQiOA.jpg,4
h_rVF-z0z4gpQat4adyY4w,gChmBjLSe3qa8rzEngoDLQ,,menu,h_rVF-z0z4gpQat4adyY4w.jpg,h_rVF-z0z4gpQat4adyY4w.jpg,4
IbrDm3j41T7HFTXD2zx2Jg,L_tieGcFMQVSmk7XiA093A,,menu,IbrDm3j41T7HFTXD2zx2Jg.jpg,IbrDm3j41T7HFTXD2zx2Jg.jpg,4
iEYxlyP87jzbXcEIjfJniw,7cLLZOdfsXqg1zqiK0HMIA,This Restaurant is surrounded by Camelback Lake.,menu,iEYxlyP87jzbXcEIjfJniw.jpg,iEYxlyP87jzbXcEIjfJniw.jpg,4
IHI7maky98pli1c0lXU0kg,dxeu5YQIzw0jOp1cSVkimg,,menu,IHI7maky98pli1c0lXU0kg.jpg,IHI7maky98pli1c0lXU0kg.jpg,4
IoNAMHLt-RQlsZpSU-yJMg,7owvf-6q5pmVQXTxLI6Wqg,,menu,IoNAMHLt-RQlsZpSU-yJMg.jpg,IoNAMHLt-RQlsZpSU-yJMg.jpg,4
JBaIjUA8o3nn93L3xj_Oaw,EtZacHzJ2gw0V9Sdm2rLQA,The rest :),menu,JBaIjUA8o3nn93L3xj_Oaw.jpg,JBaIjUA8o3nn93L3xj_Oaw.jpg,4
Jcb0dcTG-OjdKK0Ub3bzFQ,g9cKOi-6XzQne3s5TqA2fQ,"2017-06-03. Pho Dau Bo. North York, Toronto. Menu 4.",menu,Jcb0dcTG-OjdKK0Ub3bzFQ.jpg,Jcb0dcTG-OjdKK0Ub3bzFQ.jpg,4
jCn7SABoxZSIrDHFdfDIMA,Yk-M1qkLN_QNHUhxBtO4bw,Menu April 2019,menu,jCn7SABoxZSIrDHFdfDIMA.jpg,jCn7SABoxZSIrDHFdfDIMA.jpg,4
k1Y8KpE85WZA-1GQa0DlNA,Zq9WPT7ZAOYlQ0GV8OQWKQ,Menu,menu,k1Y8KpE85WZA-1GQa0DlNA.jpg,k1Y8KpE85WZA-1GQa0DlNA.jpg,4
kW6W0a2WAd5_kbrvlEFyBg,cjoDufPFhYZtlvuTG4Ewig,Menu,menu,kW6W0a2WAd5_kbrvlEFyBg.jpg,kW6W0a2WAd5_kbrvlEFyBg.jpg,4
LkdwQim5V-xrbifRRPDang,uivpqxLmLXhuargU1f6uGQ,Catering menu,menu,LkdwQim5V-xrbifRRPDang.jpg,LkdwQim5V-xrbifRRPDang.jpg,4
MuIzcC4-5DYgjbCIAZkcgw,FOStdf0Eq0rB1ulKSYCMCw,,menu,MuIzcC4-5DYgjbCIAZkcgw.jpg,MuIzcC4-5DYgjbCIAZkcgw.jpg,4
NB6CEfZIfrWsyYnDeZAMcw,B-avwjcj8opRFibz6FP_lw,,menu,NB6CEfZIfrWsyYnDeZAMcw.jpg,NB6CEfZIfrWsyYnDeZAMcw.jpg,4
nHtnrvJBt0UPryoPQTS1Rw,jfmyj519pg2flxGEQ2xdPg,,menu,nHtnrvJBt0UPryoPQTS1Rw.jpg,nHtnrvJBt0UPryoPQTS1Rw.jpg,4
NI0DzOlHTybrF7xKiMrwdw,HwRmXSukIsn_1KEpapYz0Q,Menu,menu,NI0DzOlHTybrF7xKiMrwdw.jpg,NI0DzOlHTybrF7xKiMrwdw.jpg,4
NiyMJjMEZnoMPR0OAZ8e1Q,Cgv6synb6E6XFp0wAS8oTw,,menu,NiyMJjMEZnoMPR0OAZ8e1Q.jpg,NiyMJjMEZnoMPR0OAZ8e1Q.jpg,4
noVn9TOtN9GtXzPwRDQTxw,5V9i2FuhQ3o8ynYwbubmQg,Menu,menu,noVn9TOtN9GtXzPwRDQTxw.jpg,noVn9TOtN9GtXzPwRDQTxw.jpg,4
nzoo8m5nYsOp8JFw3RlZeA,6f2imTsIysASgHh2t91OOQ,,menu,nzoo8m5nYsOp8JFw3RlZeA.jpg,nzoo8m5nYsOp8JFw3RlZeA.jpg,4
OT1_4bTb_Y4eCnzDDPWvoA,POvyRhl4VIZQTBRlZCb8cQ,Chicken with Korean style,menu,OT1_4bTb_Y4eCnzDDPWvoA.jpg,OT1_4bTb_Y4eCnzDDPWvoA.jpg,4
p67enXejFvif3I3xYbD-hQ,Zd9VJFJjfaadaJmCMFv-RQ,,menu,p67enXejFvif3I3xYbD-hQ.jpg,p67enXejFvif3I3xYbD-hQ.jpg,4
pFE5ZVA8oGwmQng98GUu4w,F2E8lXn4Mr35yTR-OuWfyg,Menu.,menu,pFE5ZVA8oGwmQng98GUu4w.jpg,pFE5ZVA8oGwmQng98GUu4w.jpg,4
pn9WubG6Wn7N3lIimvwVfw,_c3ixq9jYKxhLUB0czi0ug,They carry a variety of burgers and yummy sides. Build your own sides bar is great!,menu,pn9WubG6Wn7N3lIimvwVfw.jpg,pn9WubG6Wn7N3lIimvwVfw.jpg,4
pPTfaY0wgV5Kb18EhtJ_QQ,RwMLuOkImBIqqYj4SSKSPg,,menu,pPTfaY0wgV5Kb18EhtJ_QQ.jpg,pPTfaY0wgV5Kb18EhtJ_QQ.jpg,4
Qdw82fcDIk5vbhJBQEAAUQ,E62l6LwZJ7lKaExcUbrtYw,Happy Hour drink menu,menu,Qdw82fcDIk5vbhJBQEAAUQ.jpg,Qdw82fcDIk5vbhJBQEAAUQ.jpg,4
qLwF4jdNmV7eo4n3OR5u-w,wArcCMVnrl_tc9MULW-0CQ,,menu,qLwF4jdNmV7eo4n3OR5u-w.jpg,qLwF4jdNmV7eo4n3OR5u-w.jpg,4
RrtXBWEW-ahFdeEy_T9D1A,S6apFS5ghsQg69rcBvm2Qg,Breakfast menu,menu,RrtXBWEW-ahFdeEy_T9D1A.jpg,RrtXBWEW-ahFdeEy_T9D1A.jpg,4
TiAlm9l0pYAW5Qyxg1pfYA,wJft0Y8B9plFJcfibQl1wg,Fried menu.,menu,TiAlm9l0pYAW5Qyxg1pfYA.jpg,TiAlm9l0pYAW5Qyxg1pfYA.jpg,4
TMVQJPmAMGXjdT5TaZrEQQ,rRFu_5vz6peo2QvdGWg5aw,Suncup Cafe menu board,menu,TMVQJPmAMGXjdT5TaZrEQQ.jpg,TMVQJPmAMGXjdT5TaZrEQQ.jpg,4
ulKXcMS33owEvrV7atElZw,JJzAOl3kQLfhOzB_vjf3FQ,Menu,menu,ulKXcMS33owEvrV7atElZw.jpg,ulKXcMS33owEvrV7atElZw.jpg,4
UUMqMRf_wAk6E0_evwlnpQ,WdzjtPST07gOOYZaMM7P2Q,,menu,UUMqMRf_wAk6E0_evwlnpQ.jpg,UUMqMRf_wAk6E0_evwlnpQ.jpg,4
VtrORP9InohHT8g_P2sGjw,d_ROFxj7n27aJb6CxJesAg,,menu,VtrORP9InohHT8g_P2sGjw.jpg,VtrORP9InohHT8g_P2sGjw.jpg,4
wtXa3z0iolxhzJnU8D4gCg,YLL7tZjII-lsEprbfVkMzQ,Ouch!  Look at those prices!,menu,wtXa3z0iolxhzJnU8D4gCg.jpg,wtXa3z0iolxhzJnU8D4gCg.jpg,4
xsl1v6rPgMUhPYVRvKpTow,umXvdus9LbC6oxtLdXelFQ,,menu,xsl1v6rPgMUhPYVRvKpTow.jpg,xsl1v6rPgMUhPYVRvKpTow.jpg,4
1lak1xyoWBk3UzB-ql9AZg,WM7Ckyt1oh2LaQPdkYhMwg,,outside,1lak1xyoWBk3UzB-ql9AZg.jpg,1lak1xyoWBk3UzB-ql9AZg.jpg,2
2VR4KSQxnk06MEAWnw_O-A,vjaHGc25CcyNPZTbjDa7Ww,,outside,2VR4KSQxnk06MEAWnw_O-A.jpg,2VR4KSQxnk06MEAWnw_O-A.jpg,2
4Xo8r3iSk4aVV7jdlMKuiw,0qsarzXaZau8REdE0rToxA,Sign,outside,4Xo8r3iSk4aVV7jdlMKuiw.jpg,4Xo8r3iSk4aVV7jdlMKuiw.jpg,2
4Y_T-214GPRwEExtf62o4w,nwN2iLdDDEYU5-qkLEsPNw,,outside,4Y_T-214GPRwEExtf62o4w.jpg,4Y_T-214GPRwEExtf62o4w.jpg,2
7qG_xaMtM36n8UH8MbBblA,K74HYkFjYwhEpJt8HTOxnQ,,outside,7qG_xaMtM36n8UH8MbBblA.jpg,7qG_xaMtM36n8UH8MbBblA.jpg,2
7_t5aO8eNffE5Q9ZfoB3Lg,JyqJQjgH3mtb1PH1L892zA,Front,outside,7_t5aO8eNffE5Q9ZfoB3Lg.jpg,7_t5aO8eNffE5Q9ZfoB3Lg.jpg,2
9djSbuhxlMlTa7m9nPjhqA,faPVqws-x-5k2CQKDNtHxw,,outside,9djSbuhxlMlTa7m9nPjhqA.jpg,9djSbuhxlMlTa7m9nPjhqA.jpg,2
aaxnRTluSC4NxVVcv333gQ,3PhF188adiC8ZutKRP9gyQ,,outside,aaxnRTluSC4NxVVcv333gQ.jpg,aaxnRTluSC4NxVVcv333gQ.jpg,2
AesuK2CN5x7SMgxayIj82w,RztX0zV7ObHZD08SDUhI0Q,From the street.,outside,AesuK2CN5x7SMgxayIj82w.jpg,AesuK2CN5x7SMgxayIj82w.jpg,2
b7jWowGUoVWO8ztik3K4fQ,Im49KBfHINebC0ptNz8srg,,outside,b7jWowGUoVWO8ztik3K4fQ.jpg,b7jWowGUoVWO8ztik3K4fQ.jpg,2
bBzJHjTJSAosb0fYOBG1_Q,7HUEqrj4aa_u3kl-o-e9_Q,Ricas Tortas!,outside,bBzJHjTJSAosb0fYOBG1_Q.jpg,bBzJHjTJSAosb0fYOBG1_Q.jpg,2
bygh8-sTJoZs6RQUyjN4ww,jlyuxZtZ5M6TlAlR0_c7kw,,outside,bygh8-sTJoZs6RQUyjN4ww.jpg,bygh8-sTJoZs6RQUyjN4ww.jpg,2
D7AlGbJ9Qspk7IoZYuaMAw,xxi05D1-FjkOCcad3Zxo2w,armenoganyan.com - Video Production and Photography,outside,D7AlGbJ9Qspk7IoZYuaMAw.jpg,D7AlGbJ9Qspk7IoZYuaMAw.jpg,2
DaB6V3lgFTPQPLCzBxGt2g,wPiRP76arN0NB3M1ZXXp7g,you can see the outdoor restaurant seating on the Left!  The Grand Canal Shoppes open space/high ceiling is BEAUTIFUL,outside,DaB6V3lgFTPQPLCzBxGt2g.jpg,DaB6V3lgFTPQPLCzBxGt2g.jpg,2
DAcka82xu4al9SKgK34I4A,ksuxxeP_V73Y4iKPeLq77A,,outside,DAcka82xu4al9SKgK34I4A.jpg,DAcka82xu4al9SKgK34I4A.jpg,2
dKjTGS8cSoZmImKYPxCx5w,e6d50rwRTU-fONeSBJmOHQ,,outside,dKjTGS8cSoZmImKYPxCx5w.jpg,dKjTGS8cSoZmImKYPxCx5w.jpg,2
Dqbxa-JuZYi9Ns5rnz255w,ycwPgDxZCIhpUnYLuAlf_Q,,outside,Dqbxa-JuZYi9Ns5rnz255w.jpg,Dqbxa-JuZYi9Ns5rnz255w.jpg,2
EZ-fsrrtLNpcXzgtUtJJww,ALwAlxItASeEs2vYAeLXHA,,outside,EZ-fsrrtLNpcXzgtUtJJww.jpg,EZ-fsrrtLNpcXzgtUtJJww.jpg,2
fWqIUcO8Vh2oZDnfB_1kbA,fHH836GXPlnwnJL14ZpGRw,Sure to be a downtown favorite very soon! Love the exterior appearance and the outside bistro seating is a great addition.,outside,fWqIUcO8Vh2oZDnfB_1kbA.jpg,fWqIUcO8Vh2oZDnfB_1kbA.jpg,2
H86iscK-DDF8Q27YzlXcVQ,Cv8P4KNQ2eQqeeVgJ_AZ6Q,,outside,H86iscK-DDF8Q27YzlXcVQ.jpg,H86iscK-DDF8Q27YzlXcVQ.jpg,2
HfCdlJJLj1xpdIz-4Q4qBQ,M5UO7M4HyWDIK-ZLbtfJFA,,outside,HfCdlJJLj1xpdIz-4Q4qBQ.jpg,HfCdlJJLj1xpdIz-4Q4qBQ.jpg,2
HpifKTwHZEAE6W-MD4dpnw,TbDd4tvXevqZt_9cwgw9sQ,Cute set up,outside,HpifKTwHZEAE6W-MD4dpnw.jpg,HpifKTwHZEAE6W-MD4dpnw.jpg,2
IBiOtyP9XARqVuxMh5OSdg,c6x--m65BpZXfR2fIjmBMA,,outside,IBiOtyP9XARqVuxMh5OSdg.jpg,IBiOtyP9XARqVuxMh5OSdg.jpg,2
igMJorNJdmagP6JcSFBD_Q,LtXy1VinKWfuLFslVarKRw,Sign from the Strip,outside,igMJorNJdmagP6JcSFBD_Q.jpg,igMJorNJdmagP6JcSFBD_Q.jpg,2
iTeIIkRaSbN9d1zQY_wKwg,1_02wXxt7euom-9hWZeReA,Love this area!,outside,iTeIIkRaSbN9d1zQY_wKwg.jpg,iTeIIkRaSbN9d1zQY_wKwg.jpg,2
iZ9NiENkxeWwi_ImxZOXqg,awtm91UKAN-ukYSFU7IMcA,Huber Time,outside,iZ9NiENkxeWwi_ImxZOXqg.jpg,iZ9NiENkxeWwi_ImxZOXqg.jpg,2
JoMKicDrqAetlbnJ5WeFwg,ucjDFc8YgtoIYm95K1dZ2w,View of the outdoor patio,outside,JoMKicDrqAetlbnJ5WeFwg.jpg,JoMKicDrqAetlbnJ5WeFwg.jpg,2
kOEEXq0_9VjrYUHBMHVd3g,g8xX5YlPeJJW3_mRREIEOg,,outside,kOEEXq0_9VjrYUHBMHVd3g.jpg,kOEEXq0_9VjrYUHBMHVd3g.jpg,2
LNqBgeqVO47q7S-tV90lBw,wArcCMVnrl_tc9MULW-0CQ,Exterior,outside,LNqBgeqVO47q7S-tV90lBw.jpg,LNqBgeqVO47q7S-tV90lBw.jpg,2
nNAtSSkId2XTLQ_vPWgQ9A,4jPerp3OfFiWgBPQi8SOUw,Looking forward to the Peru pour over!,outside,nNAtSSkId2XTLQ_vPWgQ9A.jpg,nNAtSSkId2XTLQ_vPWgQ9A.jpg,2
OOAAg19Jc8ik8buwYpqCGg,Tf_VSzdWojiJNwNUQ3j4ZA,Not going back.,outside,OOAAg19Jc8ik8buwYpqCGg.jpg,OOAAg19Jc8ik8buwYpqCGg.jpg,2
PERFNrRW-aZqhlTYAxfpoQ,tX_iCdTBVx9zbhBACgl4MA,,outside,PERFNrRW-aZqhlTYAxfpoQ.jpg,PERFNrRW-aZqhlTYAxfpoQ.jpg,2
PqdWbS1-38WClfR9HOD09g,JSG1qGBg_O07NuX1hwSIVw,I love this bakery,outside,PqdWbS1-38WClfR9HOD09g.jpg,PqdWbS1-38WClfR9HOD09g.jpg,2
PYqc1mJ0RGn2JZV2ok4MFQ,CiYLq33nAyghFkUR15pP-Q,Tacos El Gordo is in Nevada!!! Sweeet!!,outside,PYqc1mJ0RGn2JZV2ok4MFQ.jpg,PYqc1mJ0RGn2JZV2ok4MFQ.jpg,2
qm4Fwv1ehsYgfVjfmcYgfg,DgnIqlqYXdeg0UtSRaKcLQ,,outside,qm4Fwv1ehsYgfVjfmcYgfg.jpg,qm4Fwv1ehsYgfVjfmcYgfg.jpg,2
tD-5zb-6FAaKR1w84yhAkA,L4r6klm7FG4QBbNe8gu5-A,,outside,tD-5zb-6FAaKR1w84yhAkA.jpg,tD-5zb-6FAaKR1w84yhAkA.jpg,2
TDOlamVeOKqIxDF-vK9pYA,Havi5dBD2ELRKhy7EF7R7w,,outside,TDOlamVeOKqIxDF-vK9pYA.jpg,TDOlamVeOKqIxDF-vK9pYA.jpg,2
tzmxrAOQKY1zDbSyQLR7ZQ,kPus4tQ0VACjxyf6EyH42w,popular restaurant and bar to try,outside,tzmxrAOQKY1zDbSyQLR7ZQ.jpg,tzmxrAOQKY1zDbSyQLR7ZQ.jpg,2
ubLQkV23ImRIFLCBGTi4eQ,zcCyxo5SKDnyYdrhuZw8rw,,outside,ubLQkV23ImRIFLCBGTi4eQ.jpg,ubLQkV23ImRIFLCBGTi4eQ.jpg,2
UC2bMOcect6yliLw1F3MNA,TFqUcfrnAz_Sp3_V1JkaAA,,outside,UC2bMOcect6yliLw1F3MNA.jpg,UC2bMOcect6yliLw1F3MNA.jpg,2
uCkgRjR4-Wre-Zr3YUZdOQ,o13eH93qmWVNFZogkjhd9w,Entrance of deliciousness!,outside,uCkgRjR4-Wre-Zr3YUZdOQ.jpg,uCkgRjR4-Wre-Zr3YUZdOQ.jpg,2
uCr7mhtn9J7BMfxIdBLytw,xEIqG7Rq8ydAT9LxCVBOOg,,outside,uCr7mhtn9J7BMfxIdBLytw.jpg,uCr7mhtn9J7BMfxIdBLytw.jpg,2
V0E2Eg2o3BAi8p8ex_u12w,rM73z7YU9M-U0HLP62XCZQ,Turn the business lights on geez,outside,V0E2Eg2o3BAi8p8ex_u12w.jpg,V0E2Eg2o3BAi8p8ex_u12w.jpg,2
VdXb4TbMZrWROsE3NvbJ_Q,Y5brbXPkBB4lO4DlB3Hn6w,Buba's entrance,outside,VdXb4TbMZrWROsE3NvbJ_Q.jpg,VdXb4TbMZrWROsE3NvbJ_Q.jpg,2
VKBV5O6JhL2nkDYz7pbSEA,6v001PdJ_lmiyciD8qRSeQ,Storefront and cart storage,outside,VKBV5O6JhL2nkDYz7pbSEA.jpg,VKBV5O6JhL2nkDYz7pbSEA.jpg,2
-Wb1iklgq0Kcq7dm5H4HrA,PRYZUli1aUuEUbEhd4kXqw,Front door,outside,-Wb1iklgq0Kcq7dm5H4HrA.jpg,-Wb1iklgq0Kcq7dm5H4HrA.jpg,2
wPBI3xz506WOieHyJi--dw,rbcfYmJtqwIkk17IeOI5Kw,,outside,wPBI3xz506WOieHyJi--dw.jpg,wPBI3xz506WOieHyJi--dw.jpg,2
WZYSHCWhAUA4lKJbUByJiQ,EVxY3Vcc-4uavsq2CQsk3g,,outside,WZYSHCWhAUA4lKJbUByJiQ.jpg,WZYSHCWhAUA4lKJbUByJiQ.jpg,2
XfkI2CUVH8AI7J9j2kyq4w,0jyyijQ1EsVMMHB2x_GJyA,,outside,XfkI2CUVH8AI7J9j2kyq4w.jpg,XfkI2CUVH8AI7J9j2kyq4w.jpg,2
xhrqsuikQUffRH7PvPXHyw,jpKWhKMWlOpTH14XW-NwQQ,,outside,xhrqsuikQUffRH7PvPXHyw.jpg,xhrqsuikQUffRH7PvPXHyw.jpg,2
01EY05I9aDCmR9c3ILvCmA,c6f8wBjPLDzyubEBqgcMnw,"this is the best coffee shop I have ever had, I had Gera beans coffee, it was like got a wake up call at mid-summer, fresh&clear&homy.",drink,01EY05I9aDCmR9c3ILvCmA.jpg,01EY05I9aDCmR9c3ILvCmA.jpg,1
094owZff6oufGlTpxMb73g,5HGVlkH0nrSrnpddj6X-5Q,"One of the finest! Perfect for the holidays & always available @TOPSHELF ""DALMORE"" scotch aged for 12yrs.",drink,094owZff6oufGlTpxMb73g.jpg,094owZff6oufGlTpxMb73g.jpg,1
0DMknbWjSuWh6nP90EwM7Q,VyaeuVCRetU_Gq3oJKze0A,,drink,0DMknbWjSuWh6nP90EwM7Q.jpg,0DMknbWjSuWh6nP90EwM7Q.jpg,1
1tY1KEq76joWD8BRlcwxJg,3IDUKhrjfHjJM-W_M6c8vg,#12 Blueberry Spaceship Box Cider,drink,1tY1KEq76joWD8BRlcwxJg.jpg,1tY1KEq76joWD8BRlcwxJg.jpg,1
30Clv6PIgh8yJ0RhxBy8RA,ZxEvVRbOltIF0fua5SQssg,"New Dust Cutter lemonade - available in regular, strawberry or huckleberry",drink,30Clv6PIgh8yJ0RhxBy8RA.jpg,30Clv6PIgh8yJ0RhxBy8RA.jpg,1
-3IFvzlecqiMAW_1F--0HA,z1jWE9gO4ehWJESM_H7zpA,,drink,-3IFvzlecqiMAW_1F--0HA.jpg,-3IFvzlecqiMAW_1F--0HA.jpg,1
3zr2KJDef10Uwx9-UhoInQ,LpGCzgAKNSpzDNEUMVVtZA,,drink,3zr2KJDef10Uwx9-UhoInQ.jpg,3zr2KJDef10Uwx9-UhoInQ.jpg,1
4ZG_W2CYEMeQnUC6blullA,lCwUmc0IEhIMz7lyZ2nwuA,free reusable straws,drink,4ZG_W2CYEMeQnUC6blullA.jpg,4ZG_W2CYEMeQnUC6blullA.jpg,1
5hCILHVOxJ4BQIxdn-Tbsg,EhHzL8w3iR4YpO8w6ig0Sw,,drink,5hCILHVOxJ4BQIxdn-Tbsg.jpg,5hCILHVOxJ4BQIxdn-Tbsg.jpg,1
5MholGxYjCWw1tg87BJq1w,mRkYkZJTJ3SGtq1shvKpHw,"Corona Refresca, Guava & Lime",drink,5MholGxYjCWw1tg87BJq1w.jpg,5MholGxYjCWw1tg87BJq1w.jpg,1
5wqmXn9JPQmBzdzhl51z0A,yOvl22iVeqK3_EJbu5Qpaw,,drink,5wqmXn9JPQmBzdzhl51z0A.jpg,5wqmXn9JPQmBzdzhl51z0A.jpg,1
8I3UoKeP7weQYzEYkLViVw,0Ne8FCrcF1C018uihKjq-w,,drink,8I3UoKeP7weQYzEYkLViVw.jpg,8I3UoKeP7weQYzEYkLViVw.jpg,1
bkgVkWEQQTt7jqM3JexMzQ,ZUZZEQ61ZD826C65SZLAQQ,Jumanji Sour,drink,bkgVkWEQQTt7jqM3JexMzQ.jpg,bkgVkWEQQTt7jqM3JexMzQ.jpg,1
bSKzbTp1S1V_qEFD3fh_UA,IQI4DQR2HCejIrXvqYIKxw,,drink,bSKzbTp1S1V_qEFD3fh_UA.jpg,bSKzbTp1S1V_qEFD3fh_UA.jpg,1
BxIRmzzH1ZJhmtnBsYlQ7Q,mSqR24h_nKXyMhwtWSih3Q,,drink,BxIRmzzH1ZJhmtnBsYlQ7Q.jpg,BxIRmzzH1ZJhmtnBsYlQ7Q.jpg,1
chzWG8S5F05IihXQfLBCyg,pc9jq84Asi9pwAfR7F3BDw,The new E40 Sluricane!!!,drink,chzWG8S5F05IihXQfLBCyg.jpg,chzWG8S5F05IihXQfLBCyg.jpg,1
_czseZTMFVSQ__TABmfSqw,u-Dst0PsuNvwzB_0o1JXBg,,drink,_czseZTMFVSQ__TABmfSqw.jpg,_czseZTMFVSQ__TABmfSqw.jpg,1
EQ22vBbjHDl9kqT0UYObeg,D3dAx-QW_uuClz4MambeHA,Red velvet cake + hazelnut chocolate cake,drink,EQ22vBbjHDl9kqT0UYObeg.jpg,EQ22vBbjHDl9kqT0UYObeg.jpg,1
exxZ8Edl2qIPVwaAkrcIrA,r89Re4FNgVWHgBfjCVZyVw,,drink,exxZ8Edl2qIPVwaAkrcIrA.jpg,exxZ8Edl2qIPVwaAkrcIrA.jpg,1
faXuV5jETwbGa95UVJpXWA,G_ixz-lp77f8zY5jghbFdQ,,drink,faXuV5jETwbGa95UVJpXWA.jpg,faXuV5jETwbGa95UVJpXWA.jpg,1
gEwycU-wJgI-VpKrHAGlJQ,jDqaz1jKdeWk_fTVCzc1Pg,Vegan Fruit Drink.,drink,gEwycU-wJgI-VpKrHAGlJQ.jpg,gEwycU-wJgI-VpKrHAGlJQ.jpg,1
gL1t1_5pb6YBTB4xUC-kPQ,eoHdUeQDNgQ6WYEnP2aiRw,Coffee with cream,drink,gL1t1_5pb6YBTB4xUC-kPQ.jpg,gL1t1_5pb6YBTB4xUC-kPQ.jpg,1
gr0nGVZKkVWov01W_hRN6Q,zJ-V2GZ9q7UkwYFl3G116w,"We serve a variety of wine served by the glass and bottle. Also, a full bar is available to create the cocktail you crave!",drink,gr0nGVZKkVWov01W_hRN6Q.jpg,gr0nGVZKkVWov01W_hRN6Q.jpg,1
GZMimjMLuDP3o_7GwyRlew,uQ9UFPVKRP0G6mHm6Q19ng,,drink,GZMimjMLuDP3o_7GwyRlew.jpg,GZMimjMLuDP3o_7GwyRlew.jpg,1
HtBLqHGMVUewDc0wuu7I3g,ZoFnfG7yrQWpvGR-etdGTw,"The beer was cold and refreshing, so refreshing we drank it up so fast!",drink,HtBLqHGMVUewDc0wuu7I3g.jpg,HtBLqHGMVUewDc0wuu7I3g.jpg,1
irs7EYvNx04F5zpLRfn6vA,X3ec1nuK2BmOULN4Kk3Fgw,Rum shot & beer,drink,irs7EYvNx04F5zpLRfn6vA.jpg,irs7EYvNx04F5zpLRfn6vA.jpg,1
ivzMg7Wjr9kAdEzlzUk3WA,Xt6xo-UmJhYtHiscwRnw0A,Beer flight,drink,ivzMg7Wjr9kAdEzlzUk3WA.jpg,ivzMg7Wjr9kAdEzlzUk3WA.jpg,1
k0gObBAgT1JSbmHtbwH7Qg,FZmvSCnBcVXiX08lmGhakA,Martini - Raspberri Lemon Drop,drink,k0gObBAgT1JSbmHtbwH7Qg.jpg,k0gObBAgT1JSbmHtbwH7Qg.jpg,1
K7vt8kUrlT1Q2cHuaZYBTQ,Yl05MqCs9xRzrJFkGWLpgA,Cocktails!,drink,K7vt8kUrlT1Q2cHuaZYBTQ.jpg,K7vt8kUrlT1Q2cHuaZYBTQ.jpg,1
ljrW5b_sFwXJ9krJ-PyCtA,giNUn704T4gpTk8pix170A,BK Coffee,drink,ljrW5b_sFwXJ9krJ-PyCtA.jpg,ljrW5b_sFwXJ9krJ-PyCtA.jpg,1
lVZYYpNuFfu0fu6kU3gusg,8G3A8xHq9lgTMcSqazfFaA,,drink,lVZYYpNuFfu0fu6kU3gusg.jpg,lVZYYpNuFfu0fu6kU3gusg.jpg,1
MJehp7--1dUB_M1SaM3jIQ,-rx-9Ra2OHfmD1yaUS-CMg,,drink,MJehp7--1dUB_M1SaM3jIQ.jpg,MJehp7--1dUB_M1SaM3jIQ.jpg,1
mK3otGuluXLTvkg4djRYsQ,Whdb9vtUaeto9UdVrs1Taw,,drink,mK3otGuluXLTvkg4djRYsQ.jpg,mK3otGuluXLTvkg4djRYsQ.jpg,1
Mt3_a5cjJPrKNI-GaTfAAQ,B0Vm2tge4I2JJlZhD4sl0Q,,drink,Mt3_a5cjJPrKNI-GaTfAAQ.jpg,Mt3_a5cjJPrKNI-GaTfAAQ.jpg,1
oKYVddr8q4hiIUmn6wtjeQ,mz48xdVWcCu463U3Lm7lhA,,drink,oKYVddr8q4hiIUmn6wtjeQ.jpg,oKYVddr8q4hiIUmn6wtjeQ.jpg,1
OvvRs4inrpYPoWYehLnZiQ,NcCl0Awt7dF6PZmFHXWGNw,,drink,OvvRs4inrpYPoWYehLnZiQ.jpg,OvvRs4inrpYPoWYehLnZiQ.jpg,1
qE60_UtSzx9NZt5O0hjNhA,BKg8YIGX_5YyUczmBAyyCQ,boba boba !!! Oh yeah,drink,qE60_UtSzx9NZt5O0hjNhA.jpg,qE60_UtSzx9NZt5O0hjNhA.jpg,1
Ram-MvHWKrIE37NKBK98Bg,QhMhM3Mhokv6V-H0MRuYTg,,drink,Ram-MvHWKrIE37NKBK98Bg.jpg,Ram-MvHWKrIE37NKBK98Bg.jpg,1
RjS5gl5bpcQgpv9ZpB3qdw,YILyHegzhy1vlc_LNVfObw,,drink,RjS5gl5bpcQgpv9ZpB3qdw.jpg,RjS5gl5bpcQgpv9ZpB3qdw.jpg,1
rxCqxx_-PrSkObC5XOe8vA,sqRX-XLlhx4rs2c1TpBf8A,,drink,rxCqxx_-PrSkObC5XOe8vA.jpg,rxCqxx_-PrSkObC5XOe8vA.jpg,1
SBLIT1xgVyveWKPIf8rQow,VFLf1AnhM_QMnnjZjsVO7Q,,drink,SBLIT1xgVyveWKPIf8rQow.jpg,SBLIT1xgVyveWKPIf8rQow.jpg,1
TlSVfkH-2CDPBiuy7e-N6w,X91rjC4EkH_3ZGY3ciIs8Q,Hot chamomile tea,drink,TlSVfkH-2CDPBiuy7e-N6w.jpg,TlSVfkH-2CDPBiuy7e-N6w.jpg,1
UuQHrk2jBYCP-WA1XOcxNg,tox8x-lk9KNmGSq-fuNH9Q,Caramel Milk Black Tea with oreo || Mango Green tea Cheese Milk foam,drink,UuQHrk2jBYCP-WA1XOcxNg.jpg,UuQHrk2jBYCP-WA1XOcxNg.jpg,1
uxmHUfa7-Js4WPPrhRHSEQ,t-ndtWJD7HesQwnreXv8Tw,,drink,uxmHUfa7-Js4WPPrhRHSEQ.jpg,uxmHUfa7-Js4WPPrhRHSEQ.jpg,1
vC6hsAz1gkaegnT_bl5w5g,rWkQMRI6PRo5woBaxGD68g,,drink,vC6hsAz1gkaegnT_bl5w5g.jpg,vC6hsAz1gkaegnT_bl5w5g.jpg,1
Venb7tMuvpSvkgC8DAnJUg,dPFGRDC3Hsi1mDKxvKz_9Q,,drink,Venb7tMuvpSvkgC8DAnJUg.jpg,Venb7tMuvpSvkgC8DAnJUg.jpg,1
v_jkC-Az3fXJJQwdP2ix8Q,YNDxeeRUARbd8GRnscJSvg,"Rosemary's Tea - Peket de Houyeu Genever Liqueur, Art in the Age Organic Rhubarb Tea Liqueur, Rosemary, fresh squeezed Pink Grapefruit Juice",drink,v_jkC-Az3fXJJQwdP2ix8Q.jpg,v_jkC-Az3fXJJQwdP2ix8Q.jpg,1
_vZsFNoai9bkER4DdRGE_g,SAINRBBSh5WzyfD_5-wRmw,Cold Brew and a coloured Latte,drink,_vZsFNoai9bkER4DdRGE_g.jpg,_vZsFNoai9bkER4DdRGE_g.jpg,1
wczyRAhTyHSIG2VhtNOklQ,jp6wKEW6AmSJrz9TtYSx4g,Flat whites ... they were more like lattes,drink,wczyRAhTyHSIG2VhtNOklQ.jpg,wczyRAhTyHSIG2VhtNOklQ.jpg,1
zdJHDaI9XLTuAApKWq3yUQ,x78iqNaO9FvKTN5YYXDZFA,BK Coffee,drink,zdJHDaI9XLTuAApKWq3yUQ.jpg,zdJHDaI9XLTuAApKWq3yUQ.jpg,1
